review_id,semantic_equivalent,stronger_evidence_candidate,wording_bias_candidate,notes
review-215c1c76f1f6,,,,
review-48c340de49d0,,,,
review-94e7a2efd36d,,,,
review-43a31c4b5a61,,,,
review-42a8f4556feb,,,,
review-63d4c2e2d2dc,,,,
review-69b2f3ef4760,,,,
review-6e07dd91188d,,,,
review-0fd5fba603cc,,,,
review-4b6ad6018fe4,,,,
review-ec78a1eba343,,,,
review-5224f64230d5,,,,
review-38671a7e630d,,,,
review-86cdac356951,,,,
review-dd67483c9e8d,,,,
review-7b7aff8ea7d4,,,,
review-2a229ca3f7fe,,,,
review-e2a442851bdd,,,,
review-da3af68f42e4,,,,
review-f2a13920d207,,,,
review-4e891c12ff37,,,,
review-a26645ddb2f4,,,,
review-f0587da5b8ca,,,,
review-82f5eee2da29,,,,
review-98a5dc33999c,,,,
review-2a92df39ab5a,,,,
review-ab30b043cfa6,,,,
review-44b7f8f38d5f,,,,
review-7e6adedffee1,,,,
review-078ff915eb5f,,,,
review-7951b0db684f,,,,
review-da56622ae905,,,,
review-5502132d11ea,,,,
review-458f3da9791c,,,,
review-742cbb811a5c,,,,
review-5ec8b8535a22,,,,
review-bb939467f9c3,,,,
review-202f281abcb0,,,,
review-f40333b896ed,,,,
review-33abf4c9e9f9,,,,
review-1840dbd5cfd4,,,,
review-04eef2359946,,,,
review-e035f8ae054d,,,,
review-86567c51f4c1,,,,
review-27a9d12b8dfd,,,,
review-22400dd92a2b,,,,
review-64677c1adc65,,,,
review-186013ef0320,,,,
review-c4be9b21707b,,,,
review-a695c63a1f34,,,,
review-6c19f6d435e4,,,,
review-4e2d7acbfee2,,,,
review-465caef1ca5d,,,,
review-0ce01c302a37,,,,
review-f666132bc7a8,,,,
review-c4b318867f90,,,,
review-2a474f142489,,,,
review-4fe065b78d3c,,,,
review-5a19f51954c4,,,,
review-89f23b899728,,,,
review-2b68c0f6ca16,,,,
review-ff19d9fa7d8b,,,,
review-6c60ae47ffb5,,,,
review-c3685f7d405a,,,,
review-b1ce9642d4f1,,,,
review-dcf86b66cbda,,,,
review-8bbb505e16fb,,,,
review-97691e107ae3,,,,
review-a8057308f3da,,,,
review-3aea3cf471df,,,,
review-769aecb78e95,,,,
review-b1167b8979d7,,,,
review-86cda6255b3d,,,,
review-ed1b3a165079,,,,
review-b79f7083e193,,,,
review-8bbc69452602,,,,
review-9a82bb33a2e4,,,,
review-8e0191475098,,,,
review-1f04eb978825,,,,
review-7978fa63c26a,,,,
review-7f88cb85a5da,,,,
review-e653ca7433d5,,,,
review-def942e2c731,,,,
review-6359cab108a0,,,,
review-3f9f8fced4b3,,,,
review-2a33bfc0618c,,,,
review-dfff6e40ce30,,,,
review-a5ce0ef22a98,,,,
review-fb7752b32555,,,,
review-5deb085fd3ba,,,,
review-2d6f4d3a9833,,,,
review-e36933f06e4b,,,,
review-99a57c6d1695,,,,
review-32d89ef1528d,,,,
review-f410002dbfdd,,,,
review-209419bcf465,,,,
